{"cameraMode":{"drawMode":0,"name":"Shaded","section":"Shading Mode"},"sceneLighting":true,"audioPlay":false,"sceneViewState":{"m_AlwaysRefresh":false,"showFog":true,"showSkybox":true,"showFlares":true,"showImageEffects":true,"showParticleSystems":true,"showVisualEffectGraphs":true,"m_FxEnabled":true},"in2DMode":false,"pivot":{"x":-2.5677332878112795,"y":2.113955497741699,"z":-4.696477890014648},"rotation":{"x":0.005892825312912464,"y":-0.9933828711509705,"z":0.09866732358932495,"w":0.059082284569740298},"size":4.365838050842285,"orthographic":true}