{"cameraMode":{"drawMode":0,"name":"Shaded","section":"Shading Mode"},"sceneLighting":true,"audioPlay":false,"sceneViewState":{"m_AlwaysRefresh":false,"showFog":true,"showSkybox":true,"showFlares":true,"showImageEffects":true,"showParticleSystems":true,"showVisualEffectGraphs":true,"m_FxEnabled":true},"in2DMode":false,"pivot":{"x":1.3632127046585084,"y":0.7892348766326904,"z":-1.0502095222473145},"rotation":{"x":0.01134561188519001,"y":-0.9872857928276062,"z":0.13560765981674195,"w":0.08253835886716843},"size":2.2827720642089845,"orthographic":true}