{"cameraMode":{"drawMode":0,"name":"Shaded","section":"Shading Mode"},"sceneLighting":true,"audioPlay":false,"sceneViewState":{"m_AlwaysRefresh":false,"showFog":true,"showSkybox":true,"showFlares":true,"showImageEffects":true,"showParticleSystems":true,"showVisualEffectGraphs":true,"m_FxEnabled":true},"in2DMode":false,"pivot":{"x":0.8157305717468262,"y":4.66048526763916,"z":9.415948867797852},"rotation":{"x":0.018765509128570558,"y":-0.9738495349884033,"z":0.20909571647644044,"w":0.08729859441518784},"size":3.7053024768829347,"orthographic":true}