{"cameraMode":{"drawMode":0,"name":"Shaded","section":"Shading Mode"},"sceneLighting":true,"audioPlay":false,"sceneViewState":{"m_AlwaysRefresh":false,"showFog":true,"showSkybox":true,"showFlares":true,"showImageEffects":true,"showParticleSystems":true,"showVisualEffectGraphs":true,"m_FxEnabled":true},"in2DMode":false,"pivot":{"x":-1.1113417148590088,"y":3.8971011638641359,"z":10.36215877532959},"rotation":{"x":0.0023700736928731205,"y":-0.9921184778213501,"z":0.12416193634271622,"w":0.01875883713364601},"size":3.263988494873047,"orthographic":true}