{"cameraMode":{"drawMode":0,"name":"Shaded","section":"Shading Mode"},"sceneLighting":true,"audioPlay":false,"sceneViewState":{"m_AlwaysRefresh":false,"showFog":true,"showSkybox":true,"showFlares":true,"showImageEffects":true,"showParticleSystems":true,"showVisualEffectGraphs":true,"m_FxEnabled":true},"in2DMode":false,"pivot":{"x":1.2008748054504395,"y":3.616983413696289,"z":9.056402206420899},"rotation":{"x":0.010132383555173874,"y":-0.9898319840431213,"z":0.1073184534907341,"w":0.09322483092546463},"size":6.888771057128906,"orthographic":true}