{"cameraMode":{"drawMode":0,"name":"Shaded","section":"Shading Mode"},"sceneLighting":true,"audioPlay":false,"sceneViewState":{"m_AlwaysRefresh":false,"showFog":true,"showSkybox":true,"showFlares":true,"showImageEffects":true,"showParticleSystems":true,"showVisualEffectGraphs":true,"m_FxEnabled":true},"in2DMode":false,"pivot":{"x":-1.9082756042480469,"y":1.9129564762115479,"z":11.089794158935547},"rotation":{"x":-0.005531193222850561,"y":-0.993816614151001,"z":0.05820799618959427,"w":-0.09479077160358429},"size":2.605513572692871,"orthographic":true}