{"cameraMode":{"drawMode":0,"name":"Shaded","section":"Shading Mode"},"sceneLighting":true,"audioPlay":false,"sceneViewState":{"m_AlwaysRefresh":false,"showFog":true,"showSkybox":true,"showFlares":true,"showImageEffects":true,"showParticleSystems":true,"showVisualEffectGraphs":true,"m_FxEnabled":true},"in2DMode":false,"pivot":{"x":-1.6431267261505128,"y":0.24538564682006837,"z":-1.0991060733795167},"rotation":{"x":0.22180719673633576,"y":-0.7328543663024902,"z":0.2808763384819031,"w":0.5787078142166138},"size":6.504974365234375,"orthographic":true}