{"cameraMode":{"drawMode":0,"name":"Shaded","section":"Shading Mode"},"sceneLighting":true,"audioPlay":false,"sceneViewState":{"m_AlwaysRefresh":false,"showFog":true,"showSkybox":true,"showFlares":true,"showImageEffects":true,"showParticleSystems":true,"showVisualEffectGraphs":true,"m_FxEnabled":true},"in2DMode":false,"pivot":{"x":-1.6431267261505128,"y":0.24538564682006837,"z":-1.0991060733795167},"rotation":{"x":0.041475530713796619,"y":-0.940883219242096,"z":0.12491735070943833,"w":0.31222227215766909},"size":4.500622272491455,"orthographic":true}